{"name":"justificacionAusencia","identifier":"D9LOYUVC7Y","description":"Acción B.4: Justificación ausencia en el trabajo.","parentIntentSignature":null,"sampleUtterances":[{"utterance":"Ayer no puede acudir a la oficina debido a una prueba de ingles"}],"intentConfirmationSetting":null,"intentClosingSetting":null,"inputContexts":null,"outputContexts":null,"kendraConfiguration":null,"dialogCodeHook":null,"fulfillmentCodeHook":{"fulfillmentUpdatesSpecification":null,"postFulfillmentStatusSpecification":null,"enabled":true},"slotPriorities":[{"priority":1,"slotName":"fechaAusencia"},{"priority":4,"slotName":"motivo"},{"priority":2,"slotName":"desdeAusencia"},{"priority":3,"slotName":"hastaAusencia"},{"priority":5,"slotName":"documento"}]}