{"name":"informacionProveedor","identifier":"JEGRDQEUIA","description":"Acción A.4: Información Proveedor.","parentIntentSignature":null,"sampleUtterances":[{"utterance":"Necesitaría la forma de pago que tenemos con el {nombreEmpresa}"},{"utterance":"qué condiciones tenemos con {nombreEmpresa}"}],"intentConfirmationSetting":null,"intentClosingSetting":null,"inputContexts":null,"outputContexts":null,"kendraConfiguration":null,"dialogCodeHook":null,"fulfillmentCodeHook":{"fulfillmentUpdatesSpecification":null,"postFulfillmentStatusSpecification":null,"enabled":true},"slotPriorities":[{"priority":1,"slotName":"nombreEmpresa"}]}