{"name":"bienvenida","identifier":"XFX1ETFDN1","description":"Mensaje de bienvenida","parentIntentSignature":null,"sampleUtterances":[{"utterance":"Hola"},{"utterance":"Buenos días"},{"utterance":"Buenos tardes"},{"utterance":"Buenos noches"},{"utterance":"Hola ¿ Qué tal ?"}],"intentConfirmationSetting":null,"intentClosingSetting":null,"inputContexts":null,"outputContexts":null,"kendraConfiguration":null,"dialogCodeHook":null,"fulfillmentCodeHook":{"fulfillmentUpdatesSpecification":null,"postFulfillmentStatusSpecification":{"failureResponse":null,"timeoutResponse":null,"successResponse":{"allowInterrupt":true,"messageGroupsList":[{"message":{"imageResponseCard":null,"ssmlMessage":null,"customPayload":null,"plainTextMessage":{"value":"Bienvenido al sistema TuEmpresaBot. ¿ En qué le podemos ayudar ?"}},"variations":null}]}},"enabled":false},"slotPriorities":[]}