{"name":"localizacionPersonal","identifier":"FHUJ6L7VW3","description":"Acción A.5: Disponibilidad del personal.","parentIntentSignature":null,"sampleUtterances":[{"utterance":"¿En estos momentos mi compañero {nombrePersona} está disponible?, "},{"utterance":"¿ Esta en la oficina {nombrePersona} ?"}],"intentConfirmationSetting":null,"intentClosingSetting":null,"inputContexts":null,"outputContexts":null,"kendraConfiguration":null,"dialogCodeHook":null,"fulfillmentCodeHook":{"fulfillmentUpdatesSpecification":null,"postFulfillmentStatusSpecification":null,"enabled":true},"slotPriorities":[{"priority":1,"slotName":"nombrePersona"}]}