{"name":"vacaciones","identifier":"IRCAZQUUBD","description":"Acción A.1: Petición de vacaciones.","parentIntentSignature":null,"sampleUtterances":[{"utterance":"Quisiera vacaciones del {desde} al {hasta}"},{"utterance":"Necesito vacaciones del {desde} a {hasta}"},{"utterance":"¿ Es posible qué {desde}  no venga a la oficina desde {hasta} ¿"},{"utterance":"Mis vacaciones de verano serian  {desde} a {hasta}"},{"utterance":"Mis hijos tienen libre la semana de pascua, necesitaria vacaciones del  {desde} al {hasta}"},{"utterance":"Tengo una boda de un primo en un pueblo, necesitaria  {desde} a {hasta}"},{"utterance":"Solicitud de vacaciones del  {desde} a {hasta}"},{"utterance":"necesito unas vacaciones"},{"utterance":"¿ es posible que este de vacaciones mañana ?"},{"utterance":"Me gustaria pillarme unos dias libres"}],"intentConfirmationSetting":null,"intentClosingSetting":null,"inputContexts":null,"outputContexts":null,"kendraConfiguration":null,"dialogCodeHook":null,"fulfillmentCodeHook":{"fulfillmentUpdatesSpecification":null,"postFulfillmentStatusSpecification":{"failureResponse":{"allowInterrupt":true,"messageGroupsList":[{"message":{"imageResponseCard":null,"ssmlMessage":null,"customPayload":null,"plainTextMessage":{"value":"Su solicitud de vacaciones no ha sido tramitada consulte con su superior."}},"variations":null}]},"timeoutResponse":null,"successResponse":{"allowInterrupt":true,"messageGroupsList":[{"message":{"imageResponseCard":null,"ssmlMessage":null,"customPayload":null,"plainTextMessage":{"value":"Sus vacaciones han sido aprobadas. "}},"variations":null}]}},"enabled":true},"slotPriorities":[{"priority":2,"slotName":"hasta"},{"priority":1,"slotName":"desde"}]}