{"name":"confirmacionAlerta","identifier":"GUIUIXYEIN","description":"Acción C.2:  Localización técnico en caso de alarma.","parentIntentSignature":null,"sampleUtterances":[{"utterance":"Confirmo que he recibido la alerta y que me conecto"}],"intentConfirmationSetting":null,"intentClosingSetting":null,"inputContexts":null,"outputContexts":null,"kendraConfiguration":null,"dialogCodeHook":null,"fulfillmentCodeHook":{"fulfillmentUpdatesSpecification":null,"postFulfillmentStatusSpecification":null,"enabled":true},"slotPriorities":[]}