{"name":"obtenerNominas","identifier":"OUMZNALMRE","description":"Acción B.1: Obtención de nóminas.","parentIntentSignature":null,"sampleUtterances":[{"utterance":"quiero mis tres últimas nominas"},{"utterance":"deseo mis ultimas nominas"},{"utterance":"necesitaria las nominas desde enero a octubre"}],"intentConfirmationSetting":null,"intentClosingSetting":null,"inputContexts":null,"outputContexts":null,"kendraConfiguration":null,"dialogCodeHook":null,"fulfillmentCodeHook":{"fulfillmentUpdatesSpecification":null,"postFulfillmentStatusSpecification":null,"enabled":true},"slotPriorities":[{"priority":1,"slotName":"Desde"},{"priority":2,"slotName":"hasta"}]}