{"name":"obtencionCertificado","identifier":"YLZ8VPMD4T","description":"Acción B.3: Obtención de certificados.","parentIntentSignature":null,"sampleUtterances":[{"utterance":"Desde la asesoría me piden el certificado del IRPF para hacer la declaración de la renta"},{"utterance":"necesito un certificado"}],"intentConfirmationSetting":null,"intentClosingSetting":null,"inputContexts":null,"outputContexts":null,"kendraConfiguration":null,"dialogCodeHook":null,"fulfillmentCodeHook":{"fulfillmentUpdatesSpecification":null,"postFulfillmentStatusSpecification":null,"enabled":true},"slotPriorities":[{"priority":1,"slotName":"tipoCertificado"},{"priority":2,"slotName":"anyo"}]}