{"name":"incidenciaTecnica","identifier":"4HAA45DWXE","description":"Acción B.2: Alta incidencia técnica.","parentIntentSignature":null,"sampleUtterances":[{"utterance":"no me funciona el ordenador"},{"utterance":"me salta error licencia en el office 365"},{"utterance":"la pantalla me falla"}],"intentConfirmationSetting":null,"intentClosingSetting":null,"inputContexts":null,"outputContexts":null,"kendraConfiguration":null,"dialogCodeHook":null,"fulfillmentCodeHook":{"fulfillmentUpdatesSpecification":null,"postFulfillmentStatusSpecification":null,"enabled":true},"slotPriorities":[{"priority":1,"slotName":"tipoIncidencia"},{"priority":2,"slotName":"evidencias"}]}