{"name":"envioDocumentos","identifier":"9SQYGXWREQ","description":"Acción A.3: Envió de documentos.","parentIntentSignature":null,"sampleUtterances":[{"utterance":"Quiero enviar unos documentos de forma urgente a cliente"},{"utterance":"Envio por empresa de transporte"},{"utterance":"enviar un paquete a un proveedor"},{"utterance":"enviar un documento"}],"intentConfirmationSetting":null,"intentClosingSetting":{"isActive":true,"closingResponse":{"allowInterrupt":true,"messageGroupsList":[{"message":{"imageResponseCard":null,"ssmlMessage":null,"customPayload":null,"plainTextMessage":{"value":"Gracias su petición ha sido atendida, la empresa de transportes se pondrá en contacto con usted"}},"variations":null}]}},"inputContexts":null,"outputContexts":null,"kendraConfiguration":null,"dialogCodeHook":null,"fulfillmentCodeHook":{"fulfillmentUpdatesSpecification":null,"postFulfillmentStatusSpecification":null,"enabled":true},"slotPriorities":[{"priority":1,"slotName":"tipo"},{"priority":3,"slotName":"ciudad"},{"priority":4,"slotName":"atencion"},{"priority":2,"slotName":"direccion"}]}