{"name":"reservaSala","identifier":"FM1LRX9SDU","description":"Acción A.2: Reserva de salas comunes.","parentIntentSignature":null,"sampleUtterances":[{"utterance":"Necesitaría una sala común "},{"utterance":"quiero una sala de reuniones"},{"utterance":"reserva de una sala"}],"intentConfirmationSetting":null,"intentClosingSetting":{"isActive":true,"closingResponse":{"allowInterrupt":true,"messageGroupsList":[{"message":{"imageResponseCard":null,"ssmlMessage":null,"customPayload":null,"plainTextMessage":{"value":"Su sala se ha reservado correctamente."}},"variations":null}]}},"inputContexts":null,"outputContexts":null,"kendraConfiguration":null,"dialogCodeHook":null,"fulfillmentCodeHook":{"fulfillmentUpdatesSpecification":null,"postFulfillmentStatusSpecification":null,"enabled":true},"slotPriorities":[{"priority":2,"slotName":"desdeReunion"},{"priority":3,"slotName":"hastaReunion"},{"priority":1,"slotName":"fechaSala"}]}