{"name":"justificacionGastos","identifier":"HGYCYTY3Z9","description":"Acción B.5: Justificación gastos de viaje.","parentIntentSignature":null,"sampleUtterances":[{"utterance":"La semana pasada estuve de viaje comercial en Turquía y quiero enviar los justificantes de los gastos de mi tarjeta"}],"intentConfirmationSetting":null,"intentClosingSetting":null,"inputContexts":null,"outputContexts":null,"kendraConfiguration":null,"dialogCodeHook":null,"fulfillmentCodeHook":{"fulfillmentUpdatesSpecification":null,"postFulfillmentStatusSpecification":null,"enabled":true},"slotPriorities":[{"priority":4,"slotName":"ficheroGastos"},{"priority":2,"slotName":"hastaGastos"},{"priority":1,"slotName":"desdeGastos"},{"priority":3,"slotName":"motivoGastos"}]}